"repository","index","head","base","repeat","order","baselineMs","candidateMs","savedOverheadMs","baselinePreObserveMs","candidatePreObserveMs","baselineGraphMs","candidateGraphMs","baselineAdapterMs","candidateAdapterMs","decisionEquivalent"
"reka-ui","0","c06c994dc1d85ebce1e69947454b6273b9fc7692","764f0781ef3927cebdf8a5825dcf56d055d37b06","0","baseline,candidate","4685","3565","1120","702","567","3047","2658","1896.345011","1452.596918","True"
"reka-ui","0","c06c994dc1d85ebce1e69947454b6273b9fc7692","764f0781ef3927cebdf8a5825dcf56d055d37b06","1","candidate,baseline","4576","3958","618","530","542","3775","3128","2487.282481","1737.238282","True"
"reka-ui","1","764f0781ef3927cebdf8a5825dcf56d055d37b06","9a42432958af9d22db5903a19abf3167911b7103","0","candidate,baseline","5251","5585","-334","569","1334","4389","3268","3289.610157","1968.473925","True"
"reka-ui","1","764f0781ef3927cebdf8a5825dcf56d055d37b06","9a42432958af9d22db5903a19abf3167911b7103","1","baseline,candidate","4834","3826","1008","651","755","3892","2742","2472.264167","1594.898742","True"
"reka-ui","2","1593f678c615ce94193f3146ebf9588011708ab9","7567e33b00524b44302bbb8a428703da911a32af","0","baseline,candidate","4731","3397","1334","664","553","3158","2575","1982.450826","1468.356725","True"
"reka-ui","2","1593f678c615ce94193f3146ebf9588011708ab9","7567e33b00524b44302bbb8a428703da911a32af","1","candidate,baseline","4334","4595","-261","774","545","3267","3708","1885.789163","2172.290427","True"
"reka-ui","3","7567e33b00524b44302bbb8a428703da911a32af","97fd052aa95996dc57556d7161dbdcaa270075d8","0","candidate,baseline","5037","4780","257","571","580","4140","3220","2684.440773","1915.198489","True"
"reka-ui","3","7567e33b00524b44302bbb8a428703da911a32af","97fd052aa95996dc57556d7161dbdcaa270075d8","1","baseline,candidate","4657","4311","346","732","596","3663","3431","2404.167222","2059.043279","True"
"reka-ui","4","97fd052aa95996dc57556d7161dbdcaa270075d8","e0343918af243a6c808da06c1abb115021839c56","0","baseline,candidate","4840","3945","895","551","719","3364","2968","1939.925821","1702.263416","True"
"reka-ui","4","97fd052aa95996dc57556d7161dbdcaa270075d8","e0343918af243a6c808da06c1abb115021839c56","1","candidate,baseline","4768","3291","1477","548","555","3976","2489","2699.252987","1415.029542","True"
"reka-ui","5","e0343918af243a6c808da06c1abb115021839c56","b9125cfd73c6f86158d2c86bae3326cf0d7a9cf9","0","candidate,baseline","5222","5035","187","672","545","4221","3496","2952.496862","2099.197457","True"
"reka-ui","5","e0343918af243a6c808da06c1abb115021839c56","b9125cfd73c6f86158d2c86bae3326cf0d7a9cf9","1","baseline,candidate","3802","3514","288","554","669","3026","2557","2020.324664","1574.931643","True"
"reka-ui","6","b9125cfd73c6f86158d2c86bae3326cf0d7a9cf9","f950796b9a3760cb4db1052687587365cc5e3293","0","baseline,candidate","5538","3779","1759","764","710","3814","2766","2418.02178","1642.967727","True"
"reka-ui","6","b9125cfd73c6f86158d2c86bae3326cf0d7a9cf9","f950796b9a3760cb4db1052687587365cc5e3293","1","candidate,baseline","3627","3538","89","534","513","2869","2711","1847.467955","1497.307675","True"
"reka-ui","7","f950796b9a3760cb4db1052687587365cc5e3293","e4ece4c953cc7c7755055de5232b062d1af4fe59","0","candidate,baseline","3899","4020","-121","520","684","3084","2418","1867.251408","1353.671197","True"
"reka-ui","7","f950796b9a3760cb4db1052687587365cc5e3293","e4ece4c953cc7c7755055de5232b062d1af4fe59","1","baseline,candidate","4588","4425","163","604","559","3742","3572","2584.023003","2138.316212","True"
"vue-test-utils","0","93321272b33fe931da71d636654b41f45058ed0c","f3bbb6b4a40b195924df3198a59bd1b1db82533e","0","baseline,candidate","2231","1420","811","473","489","786","769","346.015555","284.003482","True"
"vue-test-utils","0","93321272b33fe931da71d636654b41f45058ed0c","f3bbb6b4a40b195924df3198a59bd1b1db82533e","1","candidate,baseline","1767","1261","506","648","481","928","624","332.798214","199.49156","True"
"vue-test-utils","1","b12beb07f1d1f34a10cd938c6ff478a6d9d768da","ccf8756942bd35b93896b7e68525c8faf25f78a3","0","candidate,baseline","1373","2363","-990","508","505","695","902","265.516766","286.191274","True"
"vue-test-utils","1","b12beb07f1d1f34a10cd938c6ff478a6d9d768da","ccf8756942bd35b93896b7e68525c8faf25f78a3","1","baseline,candidate","1795","1627","168","480","693","1079","770","431.666868","252.223824","True"
"vue-test-utils","2","05d9745734f7c734dbb96335f0f0ae0a0abf4ab5","ea8654b186a2770b7423304bc66e5bd6266374c9","0","baseline,candidate","2494","1488","1006","600","563","873","719","291.472368","222.81986","True"
"vue-test-utils","2","05d9745734f7c734dbb96335f0f0ae0a0abf4ab5","ea8654b186a2770b7423304bc66e5bd6266374c9","1","candidate,baseline","1413","1623","-210","501","530","718","911","273.752404","263.080085","True"
"vue-test-utils","3","5c22b4e6b1ebf0303c9c92bcd445bf1d3de41b21","4e3bda3e2b7d929e5d45648fc13cc6b2a3e5b895","0","candidate,baseline","1434","2359","-925","550","727","726","656","292.314669","208.973808","True"
"vue-test-utils","3","5c22b4e6b1ebf0303c9c92bcd445bf1d3de41b21","4e3bda3e2b7d929e5d45648fc13cc6b2a3e5b895","1","baseline,candidate","1685","1520","165","550","612","936","708","380.446434","227.002053","True"
"vue-test-utils","4","8e499e7c74e080ece97febe49ffa8e095a2d67ed","1c3f00a41db8dad63eafff54c05dd8246fc5c86c","0","baseline,candidate","2267","1315","952","597","473","678","683","251.547155","226.551223","True"
"vue-test-utils","4","8e499e7c74e080ece97febe49ffa8e095a2d67ed","1c3f00a41db8dad63eafff54c05dd8246fc5c86c","1","candidate,baseline","1702","1436","266","651","541","850","682","342.567703","203.134434","True"
"vue-test-utils","5","05f76b63b7a45fc05c0ec840dbaf179fa0d750ab","6aa82265f04b4ce0767c59a12405ca3cbca7a9fa","0","candidate,baseline","1588","2616","-1028","663","670","735","866","305.97177","215.985634","True"
"vue-test-utils","5","05f76b63b7a45fc05c0ec840dbaf179fa0d750ab","6aa82265f04b4ce0767c59a12405ca3cbca7a9fa","1","baseline,candidate","1522","1778","-256","518","568","802","993","267.541178","307.882932","True"
"vue-test-utils","6","38ed11b64bbd795bbd17519157bc386ac81af44b","2f518e3d7cf5053c204ef8ce448bf301770112eb","0","baseline,candidate","2555","1530","1025","638","531","854","799","301.646977","209.466658","True"
"vue-test-utils","6","38ed11b64bbd795bbd17519157bc386ac81af44b","2f518e3d7cf5053c204ef8ce448bf301770112eb","1","candidate,baseline","1252","1306","-54","464","533","633","604","231.615807","185.334548","True"
"vue-test-utils","7","362d04be50f262ca7ee2278d7f9c1fe021b06622","d5e5064b42874d8432b8e15018f3256664eaf4c4","0","candidate,baseline","1714","2052","-338","555","473","924","616","337.972397","191.241774","True"
"vue-test-utils","7","362d04be50f262ca7ee2278d7f9c1fe021b06622","d5e5064b42874d8432b8e15018f3256664eaf4c4","1","baseline,candidate","1548","1422","126","491","629","868","601","348.364307","181.171165","True"
"vue-router","0","24ff936bed41166a03f365ab1437960f6426bed1","ec0bff17f1a37b815219cd6a5b0a12e4a595af59","0","baseline,candidate","1604","1008","596","436","389","490","491","0.068923","0.088703","True"
"vue-router","0","24ff936bed41166a03f365ab1437960f6426bed1","ec0bff17f1a37b815219cd6a5b0a12e4a595af59","1","candidate,baseline","1078","1589","-511","433","910","508","538","0.127962","0.078467","True"
"vue-router","1","2ddd19fcfb9877b6952d55c75989fea6ba6a1367","b89559ce362ff5dfa1ebe2523405981ac1edcd0c","0","candidate,baseline","1212","1613","-401","470","402","591","575","0.082594","0.10668","True"
"vue-router","1","2ddd19fcfb9877b6952d55c75989fea6ba6a1367","b89559ce362ff5dfa1ebe2523405981ac1edcd0c","1","baseline,candidate","1175","1142","33","446","457","569","545","0.114883","0.122744","True"
"vue-router","2","0ce408dadbb45a4790e2ccee311a032cc7c6d957","9222413d81b7b6577b88ea304f9f24e0cfdbde94","0","baseline,candidate","1685","1162","523","454","414","530","583","0.084647","0.076655","True"
"vue-router","2","0ce408dadbb45a4790e2ccee311a032cc7c6d957","9222413d81b7b6577b88ea304f9f24e0cfdbde94","1","candidate,baseline","1122","1148","-26","443","441","525","538","0.075914","0.111357","True"
"vue-router","3","3753ede2e6bf2cdf8955bb6b22deb7af8de45d94","b2e08358956055fb86eb544e390d18ff31bf073a","0","candidate,baseline","1138","1587","-449","437","402","506","490","0.075943","0.070295","True"
"vue-router","3","3753ede2e6bf2cdf8955bb6b22deb7af8de45d94","b2e08358956055fb86eb544e390d18ff31bf073a","1","baseline,candidate","1226","1110","116","415","374","608","532","0.104657","0.06678","True"
"vue-router","4","c73e83f25471e1690b3f6d32cdc793819408f0ff","84dd1a17607ed0dc173f244893bdf1730bea88a2","0","baseline,candidate","1509","1002","507","349","398","476","450","0.067461","0.066249","True"
"vue-router","4","c73e83f25471e1690b3f6d32cdc793819408f0ff","84dd1a17607ed0dc173f244893bdf1730bea88a2","1","candidate,baseline","941","938","3","361","355","447","444","0.064977","0.063335","True"
"vue-router","5","84dd1a17607ed0dc173f244893bdf1730bea88a2","0eaaeb9697acd40ad524d913d0348748e9797acb","0","candidate,baseline","982","1687","-705","360","419","469","485","0.074722","0.071327","True"
"vue-router","5","84dd1a17607ed0dc173f244893bdf1730bea88a2","0eaaeb9697acd40ad524d913d0348748e9797acb","1","baseline,candidate","1049","1078","-29","408","405","486","513","0.163676","0.071707","True"
"vue-router","6","e978eb8efeef193dfaf5f358a56109633d17fc56","d992bb2085cadf01b270e4f04b3d91c4fd5a70e3","0","baseline,candidate","1572","1053","519","418","402","473","498","0.070495","0.080511","True"
"vue-router","6","e978eb8efeef193dfaf5f358a56109633d17fc56","d992bb2085cadf01b270e4f04b3d91c4fd5a70e3","1","candidate,baseline","1137","1183","-46","441","420","556","608","0.114171","0.110746","True"
"vue-router","7","d992bb2085cadf01b270e4f04b3d91c4fd5a70e3","846e287b68b41b2014b7b24060f3873fe2539658","0","candidate,baseline","1083","1548","-465","461","406","490","497","0.087161","0.079189","True"
"vue-router","7","d992bb2085cadf01b270e4f04b3d91c4fd5a70e3","846e287b68b41b2014b7b24060f3873fe2539658","1","baseline,candidate","1023","1099","-76","363","410","515","534","0.068693","0.114081","True"
"chi","0","0a20a0e3400e551803f463d17a0ab84ee8afef3c","d9d5e318c2701f0dfd1decf6f77566501d720d20","0","baseline,candidate","1484","959","525","506","545","369","255","337.890338","225.401753","True"
"chi","0","0a20a0e3400e551803f463d17a0ab84ee8afef3c","d9d5e318c2701f0dfd1decf6f77566501d720d20","1","candidate,baseline","838","874","-36","495","524","222","224","201.256822","200.595571","True"
"chi","1","d9d5e318c2701f0dfd1decf6f77566501d720d20","6ceb498b221efa11f559602beb2463b8b52c2161","0","candidate,baseline","828","1337","-509","501","495","199","228","171.076085","200.525641","True"
"chi","1","d9d5e318c2701f0dfd1decf6f77566501d720d20","6ceb498b221efa11f559602beb2463b8b52c2161","1","baseline,candidate","865","895","-30","517","552","209","208","181.947935","182.426436","True"
"chi","2","6ceb498b221efa11f559602beb2463b8b52c2161","882c15e6462ce0630529d04c330e84942ebd059d","0","baseline,candidate","1351","875","476","510","537","222","200","201.770842","174.912929","True"
"chi","2","6ceb498b221efa11f559602beb2463b8b52c2161","882c15e6462ce0630529d04c330e84942ebd059d","1","candidate,baseline","885","776","109","546","443","197","188","173.014338","160.079716","True"
"chi","3","882c15e6462ce0630529d04c330e84942ebd059d","1f927a8ec868a307ad892b454d2aacfab463d5d0","0","candidate,baseline","861","1240","-379","530","437","201","217","178.040772","187.78884","True"
"chi","3","882c15e6462ce0630529d04c330e84942ebd059d","1f927a8ec868a307ad892b454d2aacfab463d5d0","1","baseline,candidate","820","828","-8","464","493","222","200","195.289396","175.25627","True"
"chi","4","1f927a8ec868a307ad892b454d2aacfab463d5d0","2c4d128ffd487f49b3e5cfeb70e3bdd39a2fe462","0","baseline,candidate","1321","806","515","489","452","215","205","193.475585","183.383816","True"
"chi","4","1f927a8ec868a307ad892b454d2aacfab463d5d0","2c4d128ffd487f49b3e5cfeb70e3bdd39a2fe462","1","candidate,baseline","816","820","-4","507","487","178","200","156.413413","170.222005","True"
"chi","5","5dd77169551921a41dd3cb54ad01c4d7facab7d0","73350509aa6e198d6677df0f09c5611446e96da4","0","candidate,baseline","796","1233","-437","461","437","207","206","179.797323","180.727974","True"
"chi","5","5dd77169551921a41dd3cb54ad01c4d7facab7d0","73350509aa6e198d6677df0f09c5611446e96da4","1","baseline,candidate","844","818","26","528","490","187","194","160.649476","162.812878","True"
"chi","6","df0303d61b1dc0933b60c550f9a02e7784a42ed5","cbaac313e4f2c7140eba9863f2be951c7804139a","0","baseline,candidate","1263","716","547","483","428","200","171","178.052761","149.605007","True"
"chi","6","df0303d61b1dc0933b60c550f9a02e7784a42ed5","cbaac313e4f2c7140eba9863f2be951c7804139a","1","candidate,baseline","720","770","-50","419","424","179","207","156.006533","176.891351","True"
"chi","7","cbaac313e4f2c7140eba9863f2be951c7804139a","134f373b64a79c16e0d4e72acf47a355ae37dfe9","0","candidate,baseline","733","767","-34","438","434","181","206","156.129674","182.382465","True"
"chi","7","cbaac313e4f2c7140eba9863f2be951c7804139a","134f373b64a79c16e0d4e72acf47a355ae37dfe9","1","baseline,candidate","844","672","172","519","405","191","162","166.957483","139.020258","True"
"cobra","0","40b5bc1437a564fc795d388b23835e84f54cd1d1","a97f9fd47b290016526c8af2dac0531fea5cd773","0","baseline,candidate","2367","1438","929","845","807","503","345","460.03735","304.746376","True"
"cobra","0","40b5bc1437a564fc795d388b23835e84f54cd1d1","a97f9fd47b290016526c8af2dac0531fea5cd773","1","candidate,baseline","1343","1440","-97","789","865","295","320","257.076573","285.351196","True"
"cobra","1","a97f9fd47b290016526c8af2dac0531fea5cd773","5f9c40898e795a9fb0fd5ca83b6e05c3720523d1","0","candidate,baseline","1325","1950","-625","781","686","280","306","244.585307","263.282086","True"
"cobra","1","a97f9fd47b290016526c8af2dac0531fea5cd773","5f9c40898e795a9fb0fd5ca83b6e05c3720523d1","1","baseline,candidate","1317","1444","-127","781","886","271","301","234.628162","261.078794","True"
"cobra","2","24ada7fe71e3a3a8741dd52e0a7fc3b97450535a","680936a2200be363c61feda8cd29287f0726a48c","0","baseline,candidate","2019","1332","687","730","725","320","308","283.514805","266.742807","True"
"cobra","2","24ada7fe71e3a3a8741dd52e0a7fc3b97450535a","680936a2200be363c61feda8cd29287f0726a48c","1","candidate,baseline","1480","1512","-32","872","934","318","305","275.608082","269.192899","True"
"cobra","3","8cb30f9ca53a004a6fe88c5cfcc79ac7b24fc638","17b6dca2ffaf6113cbd1cf433ec988fa7d63c6f3","0","candidate,baseline","1647","2159","-512","769","897","533","271","507.128902","249.142339","True"
"cobra","3","8cb30f9ca53a004a6fe88c5cfcc79ac7b24fc638","17b6dca2ffaf6113cbd1cf433ec988fa7d63c6f3","1","baseline,candidate","1273","1563","-290","746","1003","267","279","244.273956","255.181832","True"
"cobra","4","ab5cadcc1bbe224b329726fc5f8b99d6f93e9805","4ba5566f5704a9c0d205e1ef3efc4896156d33fa","0","baseline,candidate","2353","1500","853","979","910","354","317","310.319138","275.504972","True"
"cobra","4","ab5cadcc1bbe224b329726fc5f8b99d6f93e9805","4ba5566f5704a9c0d205e1ef3efc4896156d33fa","1","candidate,baseline","2069","1621","448","1252","819","382","434","333.552409","387.549774","True"
"cobra","5","4ba5566f5704a9c0d205e1ef3efc4896156d33fa","41b26ec8bb59dfba580f722201bf371c4f5703dd","0","candidate,baseline","1718","2710","-992","993","1075","395","496","359.730471","441.597541","True"
"cobra","5","4ba5566f5704a9c0d205e1ef3efc4896156d33fa","41b26ec8bb59dfba580f722201bf371c4f5703dd","1","baseline,candidate","2052","2138","-86","1070","1244","497","489","440.95241","439.436149","True"
"cobra","6","41b26ec8bb59dfba580f722201bf371c4f5703dd","611e16c322e3b0413a9ba4e489fcd98ef904e406","0","baseline,candidate","2655","1671","984","1107","943","460","402","409.532515","354.632449","True"
"cobra","6","41b26ec8bb59dfba580f722201bf371c4f5703dd","611e16c322e3b0413a9ba4e489fcd98ef904e406","1","candidate,baseline","1467","1375","92","884","792","306","303","267.660288","257.953763","True"
"cobra","7","611e16c322e3b0413a9ba4e489fcd98ef904e406","09d5664f34e3f7571560e48ccb74c8904b671e87","0","candidate,baseline","1519","2260","-741","987","805","286","413","251.297849","368.341056","True"
"cobra","7","611e16c322e3b0413a9ba4e489fcd98ef904e406","09d5664f34e3f7571560e48ccb74c8904b671e87","1","baseline,candidate","1290","1252","38","766","697","284","287","251.95867","250.278439","True"
"validator","0","433b08283c14b1def28e8f05e36c2bed2f13b3f4","859202275556dac82d4460234867c5c5988d06fd","0","baseline,candidate","1930","1196","734","495","680","607","345","573.314943","312.485429","True"
"validator","0","433b08283c14b1def28e8f05e36c2bed2f13b3f4","859202275556dac82d4460234867c5c5988d06fd","1","candidate,baseline","3376","1276","2100","2911","683","309","398","279.761685","364.559492","True"
"validator","1","859202275556dac82d4460234867c5c5988d06fd","271abb312cd958fd1c61b58983ecab31026eb252","0","candidate,baseline","1028","1795","-767","532","547","328","368","299.346725","332.904381","True"
"validator","1","859202275556dac82d4460234867c5c5988d06fd","271abb312cd958fd1c61b58983ecab31026eb252","1","baseline,candidate","1116","1102","14","547","515","374","384","342.523612","348.561606","True"
"validator","2","271abb312cd958fd1c61b58983ecab31026eb252","79c42ad73c1fdebee04c93ac6a0e132353662dc6","0","baseline,candidate","2034","1395","639","775","770","390","419","357.229979","380.66545","True"
"validator","2","271abb312cd958fd1c61b58983ecab31026eb252","79c42ad73c1fdebee04c93ac6a0e132353662dc6","1","candidate,baseline","1264","1138","126","579","569","466","381","422.075694","351.614349","True"
"validator","3","79c42ad73c1fdebee04c93ac6a0e132353662dc6","2cadaff20364eef00f8711e1b6a0dfcc2aceee14","0","candidate,baseline","1369","1788","-419","710","587","392","387","350.497562","356.430459","True"
"validator","3","79c42ad73c1fdebee04c93ac6a0e132353662dc6","2cadaff20364eef00f8711e1b6a0dfcc2aceee14","1","baseline,candidate","1135","1251","-116","536","670","387","340","358.555559","308.796962","True"
"validator","4","2cadaff20364eef00f8711e1b6a0dfcc2aceee14","bae7f6d3cb253fbd5dddcdf339f8460fa8d091c3","0","baseline,candidate","1270","1042","228","632","529","430","348","402.623724","318.725816","True"
"validator","4","2cadaff20364eef00f8711e1b6a0dfcc2aceee14","bae7f6d3cb253fbd5dddcdf339f8460fa8d091c3","1","candidate,baseline","1288","1089","199","779","525","343","403","313.621174","372.126672","True"
"validator","5","bae7f6d3cb253fbd5dddcdf339f8460fa8d091c3","909c504042f17c83dc76e8a2c11efd3dd41bd212","0","candidate,baseline","963","1910","-947","513","707","297","437","267.72164","406.495827","True"
"validator","5","bae7f6d3cb253fbd5dddcdf339f8460fa8d091c3","909c504042f17c83dc76e8a2c11efd3dd41bd212","1","baseline,candidate","1180","1011","169","684","506","339","324","311.06776","294.937066","True"
"validator","6","09c1323276ffada71562c1b8bf0554a0ed5ddd1d","45dd6e3bd61a7659b16d9c624e3e0174223a5fd6","0","baseline,candidate","1238","1216","22","702","593","357","411","323.027185","375.994709","True"
"validator","6","09c1323276ffada71562c1b8bf0554a0ed5ddd1d","45dd6e3bd61a7659b16d9c624e3e0174223a5fd6","1","candidate,baseline","1344","1195","149","691","628","465","370","426.824243","331.358512","True"
"validator","7","45dd6e3bd61a7659b16d9c624e3e0174223a5fd6","97d2bf07aad31b97b64fcd8213f922f159e62361","0","candidate,baseline","1205","1290","-85","583","597","441","454","401.446707","418.566566","True"
"validator","7","45dd6e3bd61a7659b16d9c624e3e0174223a5fd6","97d2bf07aad31b97b64fcd8213f922f159e62361","1","baseline,candidate","1055","1102","-47","579","567","319","378","292.125465","342.46906","True"
