"index","head","status","policy","repetition","arm","inventoryMatches","declaredTests","actualTests","observerMs","graphMs","adapterMs","scriptCompileMs","fullMs","policyMs","netSavedMs","fault"
"0","f950796b9a3760cb4db1052687587365cc5e3293","FULL_POLICY_MEASURED","FULL","1","uncached","True","62","62","8213","7117","4846.46559","3995.2481140000064","71692","71692","-8213","DETECTED"
"0","f950796b9a3760cb4db1052687587365cc5e3293","FULL_POLICY_MEASURED","FULL","1","incremental","True","62","62","9610","8947","7571.391573","6107.631576","71692","71692","-9610","DETECTED"
"0","f950796b9a3760cb4db1052687587365cc5e3293","FULL_POLICY_MEASURED","FULL","2","uncached","True","62","62","6827","6106","4928.125867","4055.0559959999964","77059","77059","-6827","DETECTED"
"0","f950796b9a3760cb4db1052687587365cc5e3293","FULL_POLICY_MEASURED","FULL","2","incremental","True","62","62","8748","8087","6801.278138","5497.824516999995","77059","77059","-8748","DETECTED"
"1","b9125cfd73c6f86158d2c86bae3326cf0d7a9cf9","FULL_POLICY_MEASURED","FULL","1","uncached","True","62","62","8055","7254","6016.870597","4978.520717000005","75257","75257","-8055",
"1","b9125cfd73c6f86158d2c86bae3326cf0d7a9cf9","FULL_POLICY_MEASURED","FULL","1","incremental","True","62","62","9239","8524","7120.467432","6127.291355999988","75257","75257","-9239",
"1","b9125cfd73c6f86158d2c86bae3326cf0d7a9cf9","FULL_POLICY_MEASURED","FULL","2","uncached","True","62","62","7585","6826","5548.506685","4599.699025","76462","76462","-7585",
"1","b9125cfd73c6f86158d2c86bae3326cf0d7a9cf9","FULL_POLICY_MEASURED","FULL","2","incremental","True","62","62","9615","8945","7501.888085","6450.866645999991","76462","76462","-9615",
"2","e0343918af243a6c808da06c1abb115021839c56","FULL_POLICY_MEASURED","FULL","1","uncached","True","62","62","8208","7443","5929.818916","4918.798844999995","73846","73846","-8208",
"2","e0343918af243a6c808da06c1abb115021839c56","FULL_POLICY_MEASURED","FULL","1","incremental","True","62","62","9494","8747","7261.946999","6242.106762000005","73846","73846","-9494",
"2","e0343918af243a6c808da06c1abb115021839c56","FULL_POLICY_MEASURED","FULL","2","uncached","True","62","62","7760","7028","5833.754645","4831.167303999991","75598","75598","-7760",
"2","e0343918af243a6c808da06c1abb115021839c56","FULL_POLICY_MEASURED","FULL","2","incremental","True","62","62","9314","8610","7332.562526","6315.334392000004","75598","75598","-9314",
"3","97fd052aa95996dc57556d7161dbdcaa270075d8","FULL_POLICY_MEASURED","FULL","1","uncached","True","62","62","7869","7145","5829.139367","4834.7501600000105","73264","73264","-7869","DETECTED"
"3","97fd052aa95996dc57556d7161dbdcaa270075d8","FULL_POLICY_MEASURED","FULL","1","incremental","True","62","62","9885","9027","7596.491713","6556.937384999993","73264","73264","-9885","DETECTED"
"3","97fd052aa95996dc57556d7161dbdcaa270075d8","FULL_POLICY_MEASURED","FULL","2","uncached","True","62","62","7960","7233","5834.08441","4846.211301999989","73486","73486","-7960","DETECTED"
"3","97fd052aa95996dc57556d7161dbdcaa270075d8","FULL_POLICY_MEASURED","FULL","2","incremental","True","62","62","9615","8838","7295.393108","6262.752867","73486","73486","-9615","DETECTED"
"4","7567e33b00524b44302bbb8a428703da911a32af","FULL_POLICY_MEASURED","FULL","1","uncached","True","62","62","7203","6434","5091.683077","4176.856131999989","70051","70051","-7203",
"4","7567e33b00524b44302bbb8a428703da911a32af","FULL_POLICY_MEASURED","FULL","1","incremental","True","62","62","8950","8290","6768.201355","5829.855118999998","70051","70051","-8950",
"4","7567e33b00524b44302bbb8a428703da911a32af","FULL_POLICY_MEASURED","FULL","2","uncached","True","62","62","7254","6542","5363.277962","4435.667976000017","71909","71909","-7254",
"4","7567e33b00524b44302bbb8a428703da911a32af","FULL_POLICY_MEASURED","FULL","2","incremental","True","62","62","9636","8865","7328.091715","6299.507765999997","71909","71909","-9636",
"5","1593f678c615ce94193f3146ebf9588011708ab9","BASELINE_RED_OR_UNREADABLE","FULL","1","uncached","True","62","62","6753","6061","4814.199783","3971.3046889999987",,,,
"5","1593f678c615ce94193f3146ebf9588011708ab9","BASELINE_RED_OR_UNREADABLE","FULL","1","incremental","True","62","62","8152","7494","6270.082395","5385.857623999995",,,,
"5","1593f678c615ce94193f3146ebf9588011708ab9","BASELINE_RED_OR_UNREADABLE","FULL","2","uncached","True","62","62","8608","7905","6507.101274","5368.629519999992",,,,
"5","1593f678c615ce94193f3146ebf9588011708ab9","BASELINE_RED_OR_UNREADABLE","FULL","2","incremental","True","62","62","9112","8378","6853.569598","5926.723945000004",,,,
"6","764f0781ef3927cebdf8a5825dcf56d055d37b06","BASELINE_RED_OR_UNREADABLE","FULL","1","uncached","True","62","62","7684","6903","5399.104193","4448.53213",,,,
"6","764f0781ef3927cebdf8a5825dcf56d055d37b06","BASELINE_RED_OR_UNREADABLE","FULL","1","incremental","True","62","62","8554","7777","6512.037915","5617.203356000005",,,,
"6","764f0781ef3927cebdf8a5825dcf56d055d37b06","BASELINE_RED_OR_UNREADABLE","FULL","2","uncached","True","62","62","7732","7069","5744.136472","4766.636722999993",,,,
"6","764f0781ef3927cebdf8a5825dcf56d055d37b06","BASELINE_RED_OR_UNREADABLE","FULL","2","incremental","True","62","62","8821","8149","6878.280284","5949.996365999998",,,,
"7","c06c994dc1d85ebce1e69947454b6273b9fc7692","FULL_POLICY_MEASURED","FULL","1","uncached","True","62","62","7396","6642","5211.462769","4306.390019999992","72016","72016","-7396","DETECTED"
"7","c06c994dc1d85ebce1e69947454b6273b9fc7692","FULL_POLICY_MEASURED","FULL","1","incremental","True","62","62","8177","7411","6042.55899","5195.970215999991","72016","72016","-8177","DETECTED"
"7","c06c994dc1d85ebce1e69947454b6273b9fc7692","FULL_POLICY_MEASURED","FULL","2","uncached","True","62","62","8087","7344","5995.801548","4910.43266700001","73265","73265","-8087","DETECTED"
"7","c06c994dc1d85ebce1e69947454b6273b9fc7692","FULL_POLICY_MEASURED","FULL","2","incremental","True","62","62","9246","8559","7244.099607","6235.359295000008","73265","73265","-9246","DETECTED"
