"repository","index","head","base","subject","status","policy","smallerSuite","baselineObserver1Ms","candidateObserver1Ms","baselineNet1Ms","baselineNet2Ms","baselineObserver2Ms","candidateObserver2Ms","net1Ms","net2Ms","repeatableNetSavings","fault","policyEquivalent"
"vue-test-utils","0","93321272b33fe931da71d636654b41f45058ed0c","f3bbb6b4a40b195924df3198a59bd1b1db82533e","fix(mount): throw the first error encountered during mount (#2428)","FULL_POLICY_MEASURED","FULL","False","3244","1171",,,"2453","1356",,,"False","DETECTED","True"
"vue-test-utils","1","b12beb07f1d1f34a10cd938c6ff478a6d9d768da","ccf8756942bd35b93896b7e68525c8faf25f78a3","fix: set global provides before running vue plugins","FULL_POLICY_MEASURED","FULL","False","2459","1969",,,"2331","1201",,,"False",,"True"
"vue-test-utils","2","05d9745734f7c734dbb96335f0f0ae0a0abf4ab5","ea8654b186a2770b7423304bc66e5bd6266374c9","fix(stubs): avoid warning on normalized props with Vue v3.4.22","FULL_POLICY_MEASURED","FULL","False","3003","1125",,,"2254","998",,,"False",,"True"
"vue-test-utils","3","5c22b4e6b1ebf0303c9c92bcd445bf1d3de41b21","4e3bda3e2b7d929e5d45648fc13cc6b2a3e5b895","feat: improve returned type for element getter (#2406)","FULL_POLICY_MEASURED","FULL","False","2459","1948",,,"2449","1103",,,"False","DETECTED","True"
"vue-test-utils","4","8e499e7c74e080ece97febe49ffa8e095a2d67ed","1c3f00a41db8dad63eafff54c05dd8246fc5c86c","fix: renderStubDefaultSlot with scoped slots","FULL_POLICY_MEASURED","FULL","False","2982","1068",,,"2146","1071",,,"False",,"True"
"vue-test-utils","5","05f76b63b7a45fc05c0ec840dbaf179fa0d750ab","6aa82265f04b4ce0767c59a12405ca3cbca7a9fa","fix: always provide access to global property (#2386)","FULL_POLICY_MEASURED","FULL","False","2112","1857",,,"2156","1129",,,"False",,"True"
"vue-test-utils","6","38ed11b64bbd795bbd17519157bc386ac81af44b","2f518e3d7cf5053c204ef8ce448bf301770112eb","fix: update attachTo type to support SVGElement (#2375)","FULL_POLICY_MEASURED","FULL","False","3372","1368",,,"2521","1308",,,"False",,"True"
"vue-test-utils","7","362d04be50f262ca7ee2278d7f9c1fe021b06622","d5e5064b42874d8432b8e15018f3256664eaf4c4","fix: circular references in props cause maximum call stack size exceeded","FULL_POLICY_MEASURED","FULL","False","2265","1893",,,"2241","1202",,,"False","DETECTED","True"
"vue-router","0","24ff936bed41166a03f365ab1437960f6426bed1","ec0bff17f1a37b815219cd6a5b0a12e4a595af59","feat: memory history stores state (#2491)","SELECTIVE_POLICY_MEASURED","SELECTIVE","True","3449","1662","-372","-1877","2939","1727","1415","-90","False","DETECTED","True"
"vue-router","1","2ddd19fcfb9877b6952d55c75989fea6ba6a1367","b89559ce362ff5dfa1ebe2523405981ac1edcd0c","fix: missing viewTransition prop on RouterLink (#2465)","SELECTIVE_POLICY_MEASURED","SELECTIVE","True","2619","2129","-1767","-1800","2702","1508","-1277","-1310","False",,"True"
"vue-router","2","0ce408dadbb45a4790e2ccee311a032cc7c6d957","9222413d81b7b6577b88ea304f9f24e0cfdbde94","feat(types): add support for children routes as union (#2475)","FULL_POLICY_MEASURED","FULL","False","3360","1394",,,"2716","1287",,,"False",,"True"
"vue-router","3","3753ede2e6bf2cdf8955bb6b22deb7af8de45d94","b2e08358956055fb86eb544e390d18ff31bf073a","chore: upgrade to Prettier 3 (#2467)","FULL_POLICY_MEASURED","FULL","False","3128","2137",,,"3033","1425",,,"False","DETECTED","True"
"vue-router","4","c73e83f25471e1690b3f6d32cdc793819408f0ff","84dd1a17607ed0dc173f244893bdf1730bea88a2","chore: up ts and docs","FULL_POLICY_MEASURED","FULL","False","3675","1739",,,"3250","1690",,,"False",,"True"
"vue-router","5","84dd1a17607ed0dc173f244893bdf1730bea88a2","0eaaeb9697acd40ad524d913d0348748e9797acb","chore: up deps","FULL_POLICY_MEASURED","FULL","False","3050","2256",,,"2820","1524",,,"False",,"True"
"vue-router","6","e978eb8efeef193dfaf5f358a56109633d17fc56","d992bb2085cadf01b270e4f04b3d91c4fd5a70e3","feat(link): add view-transition prop (#2356)","SELECTIVE_POLICY_MEASURED","SELECTIVE","True","3628","1497","-1903","-4130","2615","1754","228","-1999","False",,"True"
"vue-router","7","d992bb2085cadf01b270e4f04b3d91c4fd5a70e3","846e287b68b41b2014b7b24060f3873fe2539658","fix(router): allow duplicated navigation on back + redirect (#2133)","SELECTIVE_POLICY_MEASURED","SELECTIVE","True","3031","2112","-943","-3467","2811","1367","-24","-2548","False","DETECTED","True"
"reka-ui","0","c06c994dc1d85ebce1e69947454b6273b9fc7692","764f0781ef3927cebdf8a5825dcf56d055d37b06","refactor(RovingFocus): data-active attribute should be only present when active","FULL_POLICY_MEASURED","FULL","False","5234","3770",,,"4471","3488",,,"False","DETECTED","True"
"reka-ui","1","764f0781ef3927cebdf8a5825dcf56d055d37b06","9a42432958af9d22db5903a19abf3167911b7103","docs: codegen","BASELINE_RED_OR_UNREADABLE","FULL","False","4809","4489",,,"5201","3919",,,"False",,"True"
"reka-ui","2","1593f678c615ce94193f3146ebf9588011708ab9","7567e33b00524b44302bbb8a428703da911a32af","fix(RovingFocus): should not be active by default","BASELINE_RED_OR_UNREADABLE","FULL","False","4868","3524",,,"4654","3676",,,"False",,"True"
"reka-ui","3","7567e33b00524b44302bbb8a428703da911a32af","97fd052aa95996dc57556d7161dbdcaa270075d8","fix(TimeField): changing value to nullish not updating the placeholder (#1792)","FULL_POLICY_MEASURED","FULL","False","4956","4344",,,"4690","3585",,,"False","DETECTED","True"
"reka-ui","4","97fd052aa95996dc57556d7161dbdcaa270075d8","e0343918af243a6c808da06c1abb115021839c56","fix(usePresence): handle undefined animation name in presence hook (#1789)","FULL_POLICY_MEASURED","FULL","False","5167","3284",,,"4498","3740",,,"False",,"True"
"reka-ui","5","e0343918af243a6c808da06c1abb115021839c56","b9125cfd73c6f86158d2c86bae3326cf0d7a9cf9","fix(DateRangeField/RangeCalendar): null value throws error (#1788)","FULL_POLICY_MEASURED","FULL","False","5269","3949",,,"5146","3923",,,"False",,"True"
"reka-ui","6","b9125cfd73c6f86158d2c86bae3326cf0d7a9cf9","f950796b9a3760cb4db1052687587365cc5e3293","feat(Calendar): expose `grid` and `weekDays` via injection (#1783)","FULL_POLICY_MEASURED","FULL","False","5380","3465",,,"4882","3436",,,"False",,"True"
"reka-ui","7","f950796b9a3760cb4db1052687587365cc5e3293","e4ece4c953cc7c7755055de5232b062d1af4fe59","fix: illegal invocation in edge case (#1784)","FULL_POLICY_MEASURED","FULL","False","4962","3850",,,"4723","3311",,,"False","DETECTED","True"
"chi","0","0a20a0e3400e551803f463d17a0ab84ee8afef3c","d9d5e318c2701f0dfd1decf6f77566501d720d20","Revert ""feat(): add CF-Connecting-IP (#908)"" (#966)","SELECTIVE_POLICY_MEASURED","SELECTIVE","True","1610","917","15121","-1635","774","783","15814","-942","False","DETECTED","True"
"chi","1","d9d5e318c2701f0dfd1decf6f77566501d720d20","6ceb498b221efa11f559602beb2463b8b52c2161","fix: allow multiple informational status (#961)","SELECTIVE_POLICY_MEASURED","SELECTIVE","True","665","1315","-172","-631","697","700","-822","-1281","False",,"True"
"chi","2","6ceb498b221efa11f559602beb2463b8b52c2161","882c15e6462ce0630529d04c330e84942ebd059d","Fix `Mux.Find` not correctly handling nested routes (#954)","SELECTIVE_POLICY_MEASURED","SELECTIVE","False","1231","710","-901","-1238","648","693","-380","-717","False",,"True"
"chi","3","882c15e6462ce0630529d04c330e84942ebd059d","1f927a8ec868a307ad892b454d2aacfab463d5d0","Update content_type.go (#880)","UNSTABLE_OR_POLICY_FAILED","SELECTIVE","True","715","1222",,,"760","738","-432","-1228","False",,"True"
"chi","4","1f927a8ec868a307ad892b454d2aacfab463d5d0","2c4d128ffd487f49b3e5cfeb70e3bdd39a2fe462","Ability to specify response HTTP status code for Throttle middleware (#571)","SELECTIVE_POLICY_MEASURED","SELECTIVE","True","1232","753","-764","-1157","702","732","-285","-678","False",,"True"
"chi","5","5dd77169551921a41dd3cb54ad01c4d7facab7d0","73350509aa6e198d6677df0f09c5611446e96da4","add strip prefix. (#875)","SELECTIVE_POLICY_MEASURED","SELECTIVE","True","772","1343","-384","-775","775","709","-955","-1346","False",,"True"
"chi","6","df0303d61b1dc0933b60c550f9a02e7784a42ed5","cbaac313e4f2c7140eba9863f2be951c7804139a","Fixed incorrect comment about routing (#887)","SELECTIVE_POLICY_MEASURED","SELECTIVE","False","1264","707","-808","-1186","811","752","-251","-629","False",,"True"
"chi","7","cbaac313e4f2c7140eba9863f2be951c7804139a","134f373b64a79c16e0d4e72acf47a355ae37dfe9","feat(): add CF-Connecting-IP (#908)","SELECTIVE_POLICY_MEASURED","SELECTIVE","True","817","751","-367","-832","717","691","-301","-766","False","DETECTED","True"
"cobra","0","40b5bc1437a564fc795d388b23835e84f54cd1d1","a97f9fd47b290016526c8af2dac0531fea5cd773","Revert ""Make detection for test-binary more universal (#2173)"" (#2235)","FULL_POLICY_MEASURED","FULL","False","1424","660",,,"662","704",,,"False","DETECTED","True"
"cobra","1","a97f9fd47b290016526c8af2dac0531fea5cd773","5f9c40898e795a9fb0fd5ca83b6e05c3720523d1","fix CompletionFunc implementation (#2234)","SELECTIVE_POLICY_MEASURED","SELECTIVE","False","721","1275","285","-716","731","868","-269","-1270","False",,"True"
"cobra","2","24ada7fe71e3a3a8741dd52e0a7fc3b97450535a","680936a2200be363c61feda8cd29287f0726a48c","Remove the default ""completion"" cmd if it is alone (#1559)","FULL_POLICY_MEASURED","FULL","False","1228","702",,,"754","685",,,"False",,"True"
"cobra","3","8cb30f9ca53a004a6fe88c5cfcc79ac7b24fc638","17b6dca2ffaf6113cbd1cf433ec988fa7d63c6f3","feat: add CompletionWithDesc helper (#2231)","FULL_POLICY_MEASURED","FULL","False","718","1251",,,"724","714",,,"False","DETECTED","True"
"cobra","4","ab5cadcc1bbe224b329726fc5f8b99d6f93e9805","4ba5566f5704a9c0d205e1ef3efc4896156d33fa","Allow to reset the templates to the default (#2229)","SELECTIVE_POLICY_MEASURED","SELECTIVE","False","1146","722","-137","-1212","712","739","287","-788","False",,"True"
"cobra","5","4ba5566f5704a9c0d205e1ef3efc4896156d33fa","41b26ec8bb59dfba580f722201bf371c4f5703dd","fix(bash): nounset unbound file filter variable on empty extension (#2228)","SELECTIVE_POLICY_MEASURED","SELECTIVE","False","788","1307","314","-787","788","797","-205","-1306","False",,"True"
"cobra","6","41b26ec8bb59dfba580f722201bf371c4f5703dd","611e16c322e3b0413a9ba4e489fcd98ef904e406","Print ActiveHelp for bash along other completions (#2076)","SELECTIVE_POLICY_MEASURED","SELECTIVE","False","1279","676","-273","-1322","716","684","330","-719","False",,"True"
"cobra","7","611e16c322e3b0413a9ba4e489fcd98ef904e406","09d5664f34e3f7571560e48ccb74c8904b671e87","Allow linker to perform deadcode elimination for program using Cobra (#1956)","SELECTIVE_POLICY_MEASURED","SELECTIVE","False","727","1239","329","-658","726","676","-183","-1170","False","DETECTED","True"
"validator","0","433b08283c14b1def28e8f05e36c2bed2f13b3f4","859202275556dac82d4460234867c5c5988d06fd","Update linter to v2.0.2 (#1405)","FULL_POLICY_MEASURED","FULL","False","2209","1081",,,"995","1168",,,"False","DETECTED","True"
"validator","1","859202275556dac82d4460234867c5c5988d06fd","271abb312cd958fd1c61b58983ecab31026eb252","use mail.ParseAddress to cover missing email validations (#1395)","SELECTIVE_POLICY_MEASURED","SELECTIVE","False","1264","1915","1855","-1570","1210","1259","1204","-2221","False",,"True"
"validator","2","271abb312cd958fd1c61b58983ecab31026eb252","79c42ad73c1fdebee04c93ac6a0e132353662dc6","Fix reference to parameter name in docs (#1400)","SELECTIVE_POLICY_MEASURED","SELECTIVE","False","1751","1226","1546","-1914","961","1075","2071","-1389","False",,"True"
"validator","3","79c42ad73c1fdebee04c93ac6a0e132353662dc6","2cadaff20364eef00f8711e1b6a0dfcc2aceee14","Feat: add EIN validation (#1384)","SELECTIVE_POLICY_MEASURED","SELECTIVE","False","1115","1918","261","-1464","1189","1063","-542","-2267","False","DETECTED","True"
"validator","4","2cadaff20364eef00f8711e1b6a0dfcc2aceee14","bae7f6d3cb253fbd5dddcdf339f8460fa8d091c3","Translate to thai (#1202)","SELECTIVE_POLICY_MEASURED","SELECTIVE","True","1087","1082","5123","1149","1008","1063","5128","1154","True",,"True"
"validator","5","bae7f6d3cb253fbd5dddcdf339f8460fa8d091c3","909c504042f17c83dc76e8a2c11efd3dd41bd212","Fix: Nil pointer dereference in Arabic translations (#1391)","SELECTIVE_POLICY_MEASURED","SELECTIVE","True","1080","1831","702","861","1266","1253","-49","110","False",,"True"
"validator","6","09c1323276ffada71562c1b8bf0554a0ed5ddd1d","45dd6e3bd61a7659b16d9c624e3e0174223a5fd6","add german translations (#1322)","SELECTIVE_POLICY_MEASURED","SELECTIVE","True","912","890","1125","1000","1017","968","1147","1022","True",,"True"
"validator","7","45dd6e3bd61a7659b16d9c624e3e0174223a5fd6","97d2bf07aad31b97b64fcd8213f922f159e62361","Add Korean (#1338)","SELECTIVE_POLICY_MEASURED","SELECTIVE","True","1149","1302","888","854","1029","1005","735","701","True","DETECTED","True"
