logicalEventKey,headSha,predictionCreatedAt,planMode,testsSelectedDiffci,testsTotalFull,recordedRunId,recordedRunPath,recordedConclusion,contaminationReason,evidenceRunsForHead,retroVerdict,retroEvidenceRunId,retroEvidenceConclusion,retroEvidenceCreatedAt,retroEvidenceCompletedAt,predictionPrecededRetroEvidence,predictionPrecededRetroEvidenceStart
adityankale190895/DiffCI.com:39faa170edd7d3d5ef5e9bb1b46297d854e09252:32563752741:1,39faa170edd7d3d5ef5e9bb1b46297d854e09252,2026-08-22T09:00:05.824Z,FULL,80,80,32563752741,.github/workflows/_one-off-build-runner-image.yml,failure,WRONG_WORKFLOW,1,EVIDENCE_EXECUTED,32563747922,failure,2026-08-22T08:59:53Z,2026-08-22T09:01:09Z,true,false
adityankale190895/DiffCI.com:8acf96d8c57b6b0d69fd46ad1618fb6633483755:33035140593:1,8acf96d8c57b6b0d69fd46ad1618fb6633483755,2026-08-27T09:54:10.157Z,SELECTIVE,0,162,33035140593,.github/workflows/diffci-observe.yml,success,WRONG_WORKFLOW,1,EVIDENCE_EXECUTED,33035140541,success,2026-08-27T03:02:24Z,2026-08-27T03:04:43Z,false,false
adityankale190895/DiffCI.com:5a0471b60330d04ca34585809cbb8acdf3759f15:33060609533:1,5a0471b60330d04ca34585809cbb8acdf3759f15,2026-08-27T09:54:11.298Z,FULL,162,162,33060609533,.github/workflows/diffci-observe.yml,success,WRONG_WORKFLOW,1,EVIDENCE_EXECUTED,33060609517,success,2026-08-27T09:53:32Z,2026-08-27T09:57:58Z,true,false
adityankale190895/DiffCI.com:05e137c166d1689ee876d78814bdb7dc40bdc8af:33069527904:1,05e137c166d1689ee876d78814bdb7dc40bdc8af,2026-08-27T11:56:05.575Z,FULL,163,163,33069527904,.github/workflows/diffci-observe.yml,success,WRONG_WORKFLOW,1,EVIDENCE_EXECUTED,33069527820,success,2026-08-27T11:55:46Z,2026-08-27T11:58:59Z,true,false
adityankale190895/DiffCI.com:2633568152dc6935f54c0be0b192acfc980702d3:33158480809:1,2633568152dc6935f54c0be0b192acfc980702d3,2026-08-28T09:13:45.211Z,SELECTIVE,1,164,33158480809,.github/workflows/diffci-observe.yml,success,WRONG_WORKFLOW,1,EVIDENCE_EXECUTED,33158480834,success,2026-08-28T09:13:31Z,2026-08-28T09:16:42Z,true,false
adityankale190895/DiffCI.com:a5a4ef15cf304ce92ec81fbaac4675a36593e521:33161473505:1,a5a4ef15cf304ce92ec81fbaac4675a36593e521,2026-08-28T09:57:42.838Z,FULL,164,164,33161473505,.github/workflows/diffci-observe.yml,success,WRONG_WORKFLOW,1,EVIDENCE_EXECUTED,33161473499,success,2026-08-28T09:57:29Z,2026-08-28T10:00:47Z,true,false
adityankale190895/DiffCI.com:9e1cb23d8bba035aea9c87a817e6786a0cdaaaa2:33180874820:1,9e1cb23d8bba035aea9c87a817e6786a0cdaaaa2,2026-08-28T14:50:00.448Z,SELECTIVE,0,164,33180874820,.github/workflows/diffci-observe.yml,success,WRONG_WORKFLOW,1,EVIDENCE_EXECUTED,33180874745,success,2026-08-28T14:34:50Z,2026-08-28T14:39:52Z,false,false
adityankale190895/DiffCI.com:9b5d100b705fa85fa634210cdafe00d7e9b65b45:33182109372:1,9b5d100b705fa85fa634210cdafe00d7e9b65b45,2026-08-28T14:50:02.100Z,FULL,164,164,33182109372,.github/workflows/diffci-observe.yml,success,WRONG_WORKFLOW,1,EVIDENCE_EXECUTED,33182109391,success,2026-08-28T14:49:41Z,2026-08-28T14:52:27Z,true,false
adityankale190895/DiffCI.com:cb48ab59dd4cdc68381f03a3413fa62d52964ed1:33182692487:1,cb48ab59dd4cdc68381f03a3413fa62d52964ed1,2026-08-28T14:56:58.222Z,SELECTIVE,0,164,33182692487,.github/workflows/diffci-observe.yml,success,WRONG_WORKFLOW,1,EVIDENCE_EXECUTED,33182692503,success,2026-08-28T14:56:41Z,2026-08-28T15:09:14Z,true,false
adityankale190895/DiffCI.com:c3cc1fe918f37ea36b399c902dce881d346720d9:33186525246:1,c3cc1fe918f37ea36b399c902dce881d346720d9,2026-08-29T05:54:28.626Z,FULL,167,167,33186525246,.github/workflows/diffci-observe.yml,success,WRONG_WORKFLOW,1,EVIDENCE_EXECUTED,33186525187,success,2026-08-28T15:43:18Z,2026-08-28T15:51:15Z,false,false
adityankale190895/DiffCI.com:54400da759af75ad57efc371d953e5c96e7adf01:33188929923:1,54400da759af75ad57efc371d953e5c96e7adf01,2026-08-29T05:54:32.057Z,SELECTIVE,0,167,33188929923,.github/workflows/diffci-observe.yml,success,WRONG_WORKFLOW,1,EVIDENCE_EXECUTED,33188929847,success,2026-08-28T16:13:22Z,2026-08-28T17:23:10Z,false,false
adityankale190895/DiffCI.com:a674d70e3bcd3f0cc7964ca77e371756ed521eab:33229033983:1,a674d70e3bcd3f0cc7964ca77e371756ed521eab,2026-08-29T08:02:27.330Z,FULL,168,168,33229033983,.github/workflows/diffci-observe.yml,success,WRONG_WORKFLOW,1,EVIDENCE_EXECUTED,33229033995,success,2026-08-29T02:28:21Z,2026-08-29T03:51:42Z,false,false
adityankale190895/DiffCI.com:296f9efa448d73440713f0a3b0db065c11637277:33245451745:1,296f9efa448d73440713f0a3b0db065c11637277,2026-08-29T09:25:31.075Z,FULL,168,168,33245451745,.github/workflows/diffci-observe.yml,success,WRONG_WORKFLOW,1,EVIDENCE_EXECUTED,33245451769,success,2026-08-29T09:25:18Z,2026-08-29T09:38:20Z,true,false
adityankale190895/DiffCI.com:46c22b8722f786cd1dc080947443c9dc6b81703b:33246316532:1,46c22b8722f786cd1dc080947443c9dc6b81703b,2026-08-29T09:47:59.353Z,SELECTIVE,2,169,33246316532,.github/workflows/diffci-observe.yml,success,WRONG_WORKFLOW,1,EVIDENCE_EXECUTED,33246316535,success,2026-08-29T09:47:45Z,2026-08-29T10:43:11Z,true,false
adityankale190895/DiffCI.com:2cc58bb6eb581106ef26320755e1437855a30bfe:33246480804:1,2cc58bb6eb581106ef26320755e1437855a30bfe,2026-08-29T09:52:18.143Z,SELECTIVE,1,169,33246480804,.github/workflows/diffci-observe.yml,success,WRONG_WORKFLOW,1,EVIDENCE_EXECUTED,33246480813,success,2026-08-29T09:52:05Z,2026-08-30T03:17:32Z,true,false
adityankale190895/DiffCI.com:8d9937672dea9e2828c229bd8d8f62dbdd4fcf0d:33289741290:1,8d9937672dea9e2828c229bd8d8f62dbdd4fcf0d,2026-08-30T03:27:07.196Z,FULL,171,171,33289741290,.github/workflows/diffci-observe.yml,success,WRONG_WORKFLOW,1,EVIDENCE_EXECUTED,33289741293,success,2026-08-30T03:12:42Z,2026-08-30T04:20:34Z,true,false
adityankale190895/DiffCI.com:8f64aed0785771acecd90f39704dbf4a7459dda4:33290279764:1,8f64aed0785771acecd90f39704dbf4a7459dda4,2026-08-30T03:27:10.133Z,FULL,171,171,33290279764,.github/workflows/diffci-observe.yml,success,WRONG_WORKFLOW,1,EVIDENCE_EXECUTED,33290279758,success,2026-08-30T03:26:50Z,2026-08-30T04:33:05Z,true,false
adityankale190895/DiffCI.com:e5daeac15f7c70df2f4f20d982e06402e8910378:33292183017:1,e5daeac15f7c70df2f4f20d982e06402e8910378,2026-08-30T04:18:16.314Z,SELECTIVE,0,171,33292183017,.github/workflows/diffci-observe.yml,success,WRONG_WORKFLOW,1,EVIDENCE_EXECUTED,33292183028,success,2026-08-30T04:17:59Z,2026-08-30T05:20:16Z,true,false
adityankale190895/DiffCI.com:89794368d4934f0eea31c202bb51988cd2bbf63d:33292628044:1,89794368d4934f0eea31c202bb51988cd2bbf63d,2026-08-30T04:30:21.115Z,FULL,171,171,33292628044,.github/workflows/diffci-observe.yml,success,WRONG_WORKFLOW,1,EVIDENCE_EXECUTED,33292627951,success,2026-08-30T04:30:06Z,2026-08-30T06:03:04Z,true,false
adityankale190895/DiffCI.com:142d60ef56416fab46e9a9ea913f4b80af3b8a2e:33294307777:1,142d60ef56416fab46e9a9ea913f4b80af3b8a2e,2026-08-30T05:16:14.671Z,SELECTIVE,1,172,33294307777,.github/workflows/diffci-observe.yml,success,WRONG_WORKFLOW,1,EVIDENCE_EXECUTED,33294307779,success,2026-08-30T05:15:55Z,2026-08-30T07:13:38Z,true,false
adityankale190895/DiffCI.com:55dc45b3eebb9742706f973f677085bae9fab249:33295904748:1,55dc45b3eebb9742706f973f677085bae9fab249,2026-08-30T06:00:35.622Z,SELECTIVE,0,172,33295904748,.github/workflows/diffci-observe.yml,success,WRONG_WORKFLOW,1,EVIDENCE_EXECUTED,33295904720,success,2026-08-30T06:00:19Z,2026-08-30T07:15:27Z,true,false
adityankale190895/DiffCI.com:1ff2fd10c78c655a6679fa67841d7876ee4a8775:33299398479:1,1ff2fd10c78c655a6679fa67841d7876ee4a8775,2026-08-30T07:31:22.335Z,SELECTIVE,1,173,33299398479,.github/workflows/diffci-observe.yml,success,WRONG_WORKFLOW,1,EVIDENCE_EXECUTED,33299398466,success,2026-08-30T07:31:08Z,2026-08-30T07:55:56Z,true,false
adityankale190895/DiffCI.com:18fbf075beaf9e3a9406b16b7915a057185a6809:33300517893:1,18fbf075beaf9e3a9406b16b7915a057185a6809,2026-08-30T09:03:51.267Z,SELECTIVE,1,173,33300517893,.github/workflows/diffci-observe.yml,success,WRONG_WORKFLOW,1,EVIDENCE_EXECUTED,33300517857,success,2026-08-30T08:00:26Z,2026-08-30T09:26:49Z,true,false
adityankale190895/DiffCI.com:bb377a80e6dab37c739fca3f647663eecf64d39d:33303103682:1,bb377a80e6dab37c739fca3f647663eecf64d39d,2026-08-30T09:03:54.930Z,SELECTIVE,0,173,33303103682,.github/workflows/diffci-observe.yml,success,WRONG_WORKFLOW,1,EVIDENCE_EXECUTED,33303103683,success,2026-08-30T09:03:36Z,2026-08-30T09:30:44Z,true,false
adityankale190895/DiffCI.com:04750a3d8f3941d542cc8abf5f9779be00042804:33305394577:1,04750a3d8f3941d542cc8abf5f9779be00042804,2026-08-30T10:00:25.020Z,SELECTIVE,0,173,33305394577,.github/workflows/diffci-observe.yml,success,WRONG_WORKFLOW,1,EVIDENCE_EXECUTED,33305394574,success,2026-08-30T10:00:11Z,2026-08-30T11:04:46Z,true,false
adityankale190895/DiffCI.com:cafe1d6c0d7ff5f047df9ae5253f1c9835203489:33305736531:1,cafe1d6c0d7ff5f047df9ae5253f1c9835203489,2026-08-30T10:08:32.149Z,SELECTIVE,0,173,33305736531,.github/workflows/diffci-observe.yml,success,WRONG_WORKFLOW,1,EVIDENCE_EXECUTED,33305736473,success,2026-08-30T10:08:16Z,2026-08-30T11:05:28Z,true,false
adityankale190895/DiffCI.com:f3229a5eb91c1b17ee6906884f5ab3a5499114d7:33305956369:1,f3229a5eb91c1b17ee6906884f5ab3a5499114d7,2026-08-30T10:13:48.547Z,SELECTIVE,1,173,33305956369,.github/workflows/diffci-observe.yml,success,WRONG_WORKFLOW,1,EVIDENCE_EXECUTED,33305956370,success,2026-08-30T10:13:33Z,2026-08-30T11:09:10Z,true,false
adityankale190895/DiffCI.com:e0d75511fd21aaaeb40a80c445574ccb960cd308:33307406514:1,e0d75511fd21aaaeb40a80c445574ccb960cd308,2026-08-30T10:49:40.336Z,SELECTIVE,0,173,33307406514,.github/workflows/diffci-observe.yml,success,WRONG_WORKFLOW,1,EVIDENCE_EXECUTED,33307406546,success,2026-08-30T10:49:29Z,2026-08-30T11:21:39Z,true,false
adityankale190895/DiffCI.com:236c88f07e4e36404b97aca7149d6a56ac7a55e0:33308599561:1,236c88f07e4e36404b97aca7149d6a56ac7a55e0,2026-08-30T11:18:51.331Z,SELECTIVE,1,173,33308599561,.github/workflows/diffci-observe.yml,success,WRONG_WORKFLOW,1,EVIDENCE_EXECUTED,33308599608,success,2026-08-30T11:18:34Z,2026-08-30T11:48:10Z,true,false
adityankale190895/DiffCI.com:3c1ad866dc979e68915520f850af869320332d09:33308901043:1,3c1ad866dc979e68915520f850af869320332d09,2026-08-30T11:26:03.904Z,SELECTIVE,0,173,33308901043,.github/workflows/diffci-observe.yml,success,WRONG_WORKFLOW,1,EVIDENCE_EXECUTED,33308901041,success,2026-08-30T11:25:46Z,2026-08-30T12:14:58Z,true,false
adityankale190895/DiffCI.com:c4d4f8043b44506b7d44dd031062efa6f0162d46:33309082350:1,c4d4f8043b44506b7d44dd031062efa6f0162d46,2026-08-30T11:30:32.418Z,SELECTIVE,0,173,33309082350,.github/workflows/diffci-observe.yml,success,WRONG_WORKFLOW,1,EVIDENCE_EXECUTED,33309082394,success,2026-08-30T11:30:16Z,2026-08-30T12:17:38Z,true,false
adityankale190895/DiffCI.com:7fb1d3a5d1b3c78be495d9d2d13b0e6f67f7eea3:33309335884:1,7fb1d3a5d1b3c78be495d9d2d13b0e6f67f7eea3,2026-08-30T11:36:21.995Z,SELECTIVE,1,173,33309335884,.github/workflows/diffci-observe.yml,success,WRONG_WORKFLOW,1,EVIDENCE_EXECUTED,33309335847,success,2026-08-30T11:36:05Z,2026-08-30T12:21:18Z,true,false
adityankale190895/DiffCI.com:bae2d00c78e3a2dd85386f155c4b8ffd73e21e73:33309694998:1,bae2d00c78e3a2dd85386f155c4b8ffd73e21e73,2026-08-30T11:45:14.451Z,SELECTIVE,0,173,33309694998,.github/workflows/diffci-observe.yml,success,WRONG_WORKFLOW,1,EVIDENCE_EXECUTED,33309695022,success,2026-08-30T11:44:55Z,2026-08-30T13:43:28Z,true,false
adityankale190895/DiffCI.com:6a6cfad6d339e723bf5aec9ab3c2a7038867e811:33309785162:1,6a6cfad6d339e723bf5aec9ab3c2a7038867e811,2026-08-30T11:47:21.190Z,SELECTIVE,1,173,33309785162,.github/workflows/diffci-observe.yml,success,WRONG_WORKFLOW,1,EVIDENCE_EXECUTED,33309785166,success,2026-08-30T11:47:03Z,2026-08-30T13:47:07Z,true,false
adityankale190895/DiffCI.com:4753ff586859e1cfae2aaeb85bf555ab045447ce:33310122454:1,4753ff586859e1cfae2aaeb85bf555ab045447ce,2026-08-30T11:55:31.242Z,SELECTIVE,0,173,33310122454,.github/workflows/diffci-observe.yml,success,WRONG_WORKFLOW,1,EVIDENCE_EXECUTED,33310122438,success,2026-08-30T11:55:10Z,2026-08-30T14:24:48Z,true,false
adityankale190895/DiffCI.com:ac46264ab40bf788b601f9900e502444c3cb41ea:33310831165:1,ac46264ab40bf788b601f9900e502444c3cb41ea,2026-08-30T12:12:02.309Z,SELECTIVE,0,173,33310831165,.github/workflows/diffci-observe.yml,success,WRONG_WORKFLOW,1,EVIDENCE_EXECUTED,33310831146,success,2026-08-30T12:11:42Z,2026-08-30T14:38:44Z,true,false
adityankale190895/DiffCI.com:e91ca0bfe704398a67b424d7ac7e75ac860207f9:33310964015:1,e91ca0bfe704398a67b424d7ac7e75ac860207f9,2026-08-30T12:15:08.251Z,SELECTIVE,0,173,33310964015,.github/workflows/diffci-observe.yml,success,WRONG_WORKFLOW,1,EVIDENCE_EXECUTED,33310964021,success,2026-08-30T12:14:48Z,2026-08-30T15:03:45Z,true,false
adityankale190895/DiffCI.com:e01fc2cea05f1065b9d44a9292ddaedf981dc272:33316560143:1,e01fc2cea05f1065b9d44a9292ddaedf981dc272,2026-08-31T05:06:52.960Z,SELECTIVE,1,174,33316560143,.github/workflows/diffci-observe.yml,success,WRONG_WORKFLOW,1,EVIDENCE_EXECUTED,33316560173,success,2026-08-30T14:19:43Z,2026-08-31T05:12:48Z,true,false
adityankale190895/DiffCI.com:2f03a82132349574a17f2c06ce1a1cacbb024c01:33317292658:1,2f03a82132349574a17f2c06ce1a1cacbb024c01,2026-08-31T05:06:53.749Z,SELECTIVE,1,174,33317292658,.github/workflows/diffci-observe.yml,success,WRONG_WORKFLOW,1,EVIDENCE_EXECUTED,33317292709,success,2026-08-30T14:35:43Z,2026-08-31T05:20:01Z,true,false
adityankale190895/DiffCI.com:d633042b2d6c610c024f1550fe1865f873d24fbb:33318920628:1,d633042b2d6c610c024f1550fe1865f873d24fbb,2026-08-31T05:06:55.111Z,SELECTIVE,0,174,33318920628,.github/workflows/diffci-observe.yml,success,WRONG_WORKFLOW,1,EVIDENCE_EXECUTED,33318920625,success,2026-08-30T15:11:02Z,2026-08-31T05:39:41Z,true,false
adityankale190895/DiffCI.com:3814f37f1a0bbaa6b0e8afd0b72a3d2ad9d13775:33352990832:1,3814f37f1a0bbaa6b0e8afd0b72a3d2ad9d13775,2026-08-31T05:06:55.823Z,SELECTIVE,1,174,33352990832,.github/workflows/diffci-observe.yml,success,WRONG_WORKFLOW,1,EVIDENCE_EXECUTED,33352990828,success,2026-08-31T03:10:44Z,2026-08-31T05:43:48Z,true,false
adityankale190895/DiffCI.com:bef7029907ec5bd0c3216949e12f95bceacff1bf:33359189935:1,bef7029907ec5bd0c3216949e12f95bceacff1bf,2026-08-31T05:06:58.101Z,SELECTIVE,0,174,33359189935,.github/workflows/diffci-observe.yml,success,WRONG_WORKFLOW,1,EVIDENCE_EXECUTED,33359189745,success,2026-08-31T05:03:53Z,2026-08-31T06:13:19Z,true,false
adityankale190895/DiffCI.com:a82a5e1c417887114bf63c7c279bd43b7db8125c:33359568423:1,a82a5e1c417887114bf63c7c279bd43b7db8125c,2026-08-31T05:10:39.127Z,SELECTIVE,0,174,33359568423,.github/workflows/diffci-observe.yml,success,WRONG_WORKFLOW,1,EVIDENCE_EXECUTED,33359568369,success,2026-08-31T05:10:22Z,2026-08-31T06:59:59Z,true,false
adityankale190895/DiffCI.com:fea70e378cc10e34f2e356d39754f097deac113d:33359973570:1,fea70e378cc10e34f2e356d39754f097deac113d,2026-08-31T05:17:07.636Z,FULL,174,174,33359973570,.github/workflows/diffci-observe.yml,success,WRONG_WORKFLOW,1,EVIDENCE_EXECUTED,33359973597,success,2026-08-31T05:16:51Z,2026-08-31T07:00:50Z,true,false
adityankale190895/DiffCI.com:7cda6e533bfcf61192a4fe0008f3fc2e9ef329dc:33362677356:1,7cda6e533bfcf61192a4fe0008f3fc2e9ef329dc,2026-08-31T06:03:36.939Z,SELECTIVE,0,174,33362677356,.github/workflows/diffci-observe.yml,success,WRONG_WORKFLOW,1,EVIDENCE_EXECUTED,33362677414,success,2026-08-31T06:03:22Z,2026-08-31T08:01:25Z,true,false
adityankale190895/DiffCI.com:f5f3decfbb04fdf5563d2ad7f78fc856fdc03e1f:33362866984:1,f5f3decfbb04fdf5563d2ad7f78fc856fdc03e1f,2026-08-31T06:06:35.345Z,SELECTIVE,1,174,33362866984,.github/workflows/diffci-observe.yml,success,WRONG_WORKFLOW,1,EVIDENCE_EXECUTED,33362866991,success,2026-08-31T06:06:20Z,2026-08-31T08:21:10Z,true,false
adityankale190895/DiffCI.com:4dcefefe5b523637edc96e8c2365ec6822f79b10:33363390392:1,4dcefefe5b523637edc96e8c2365ec6822f79b10,2026-08-31T06:14:41.572Z,SELECTIVE,1,174,33363390392,.github/workflows/diffci-observe.yml,success,WRONG_WORKFLOW,1,EVIDENCE_EXECUTED,33363390383,success,2026-08-31T06:14:26Z,2026-08-31T09:45:50Z,true,false
adityankale190895/DiffCI.com:e4cdc14d96cf9292d601f743f7de8adbf34ef2a2:33364634785:1,e4cdc14d96cf9292d601f743f7de8adbf34ef2a2,2026-08-31T06:33:07.343Z,SELECTIVE,0,174,33364634785,.github/workflows/diffci-observe.yml,success,WRONG_WORKFLOW,1,EVIDENCE_EXECUTED,33364634857,success,2026-08-31T06:32:50Z,2026-08-31T09:46:11Z,true,false
adityankale190895/DiffCI.com:f46c78375f4ddc92296ba3598bd917a4f77aad15:33366239047:1,f46c78375f4ddc92296ba3598bd917a4f77aad15,2026-08-31T06:56:59.360Z,SELECTIVE,0,174,33366239047,.github/workflows/diffci-observe.yml,success,WRONG_WORKFLOW,1,EVIDENCE_EXECUTED,33366239049,success,2026-08-31T06:56:44Z,2026-08-31T09:58:24Z,true,false
adityankale190895/DiffCI.com:2c9063f3a590523e8c676befa786324670fe4c14:33366526252:1,2c9063f3a590523e8c676befa786324670fe4c14,2026-08-31T07:01:11.203Z,FULL,174,174,33366526252,.github/workflows/diffci-observe.yml,success,WRONG_WORKFLOW,1,EVIDENCE_EXECUTED,33366526247,success,2026-08-31T07:00:56Z,2026-08-31T10:06:18Z,true,false
adityankale190895/DiffCI.com:6590e0c58673ef9849b26b8a44be86ba991e25e6:33366974496:1,6590e0c58673ef9849b26b8a44be86ba991e25e6,2026-08-31T07:07:27.334Z,FULL,174,174,33366974496,.github/workflows/diffci-observe.yml,success,WRONG_WORKFLOW,1,EVIDENCE_EXECUTED,33366974463,success,2026-08-31T07:07:11Z,2026-08-31T10:06:04Z,true,false
adityankale190895/DiffCI.com:07bc3d1ca35623a0f76bf2c459ae5c9408808df0:33367362936:1,07bc3d1ca35623a0f76bf2c459ae5c9408808df0,2026-08-31T07:12:53.413Z,SELECTIVE,0,174,33367362936,.github/workflows/diffci-observe.yml,success,WRONG_WORKFLOW,1,EVIDENCE_EXECUTED,33367362934,success,2026-08-31T07:12:36Z,2026-08-31T10:37:02Z,true,false
adityankale190895/DiffCI.com:84dd44e1cf353707ee469079491f8b8e11b8d316:33372223301:1,84dd44e1cf353707ee469079491f8b8e11b8d316,2026-08-31T08:17:50.264Z,SELECTIVE,0,175,33372223301,.github/workflows/diffci-observe.yml,success,WRONG_WORKFLOW,1,EVIDENCE_EXECUTED,33372223311,success,2026-08-31T08:17:35Z,2026-08-31T12:42:12Z,true,false
adityankale190895/DiffCI.com:ccd743e1b88c640d8a42a091a1889ba66cd927d9:33375351099:1,ccd743e1b88c640d8a42a091a1889ba66cd927d9,2026-08-31T08:58:06.073Z,SELECTIVE,0,175,33375351099,.github/workflows/diffci-observe.yml,success,WRONG_WORKFLOW,1,EVIDENCE_EXECUTED,33375351076,success,2026-08-31T08:57:50Z,2026-08-31T12:44:20Z,true,false
adityankale190895/DiffCI.com:89fc23615d7879e50299f80b2a0298b96b16e66c:33375813602:1,89fc23615d7879e50299f80b2a0298b96b16e66c,2026-08-31T09:04:01.646Z,SELECTIVE,0,175,33375813602,.github/workflows/diffci-observe.yml,success,WRONG_WORKFLOW,1,EVIDENCE_EXECUTED,33375813586,success,2026-08-31T09:03:45Z,2026-08-31T13:21:39Z,true,false
adityankale190895/DiffCI.com:5fb0183214be6bbffaa9f2455a331e489c1407d7:33377950663:1,5fb0183214be6bbffaa9f2455a331e489c1407d7,2026-08-31T09:30:06.272Z,SELECTIVE,43,176,33377950663,.github/workflows/diffci-observe.yml,success,WRONG_WORKFLOW,1,EVIDENCE_EXECUTED,33377950847,success,2026-08-31T09:29:48Z,2026-08-31T13:24:32Z,true,false
adityankale190895/DiffCI.com:0beb661188732af9e7cec0509a78adc920710828:33379029537:1,0beb661188732af9e7cec0509a78adc920710828,2026-08-31T09:43:04.814Z,FULL,177,177,33379029537,.github/workflows/diffci-observe.yml,success,WRONG_WORKFLOW,1,EVIDENCE_EXECUTED,33379029458,success,2026-08-31T09:42:49Z,2026-08-31T13:38:09Z,true,false
adityankale190895/DiffCI.com:9ded4bbd3b4fc3acae9ef434a08737bceaff08ac:33379941142:1,9ded4bbd3b4fc3acae9ef434a08737bceaff08ac,2026-08-31T09:54:38.374Z,SELECTIVE,0,177,33379941142,.github/workflows/diffci-observe.yml,success,WRONG_WORKFLOW,1,EVIDENCE_EXECUTED,33379941147,success,2026-08-31T09:54:22Z,2026-08-31T13:46:08Z,true,false
adityankale190895/DiffCI.com:7d8e213c6adfdf38221d7acd8afa41be4d8dde54:33392767929:1,7d8e213c6adfdf38221d7acd8afa41be4d8dde54,2026-08-31T13:39:04.152Z,FULL,178,178,33392767929,.github/workflows/diffci-observe.yml,success,WRONG_WORKFLOW,1,EVIDENCE_EXECUTED,33392767930,success,2026-08-31T12:38:26Z,2026-09-01T03:13:14Z,true,false
adityankale190895/DiffCI.com:648958ed2f822faf27811b12bf339a74565fa083:33397320375:1,648958ed2f822faf27811b12bf339a74565fa083,2026-08-31T13:39:08.264Z,SELECTIVE,3,178,33397320375,.github/workflows/diffci-observe.yml,success,WRONG_WORKFLOW,2,EVIDENCE_EXECUTED,33397319879,success,2026-08-31T13:30:14Z,2026-09-01T03:45:05Z,true,false
adityankale190895/DiffCI.com:0f6ea3f6f70d22136c15778fccfda254cdab4cf8:33406470304:1,0f6ea3f6f70d22136c15778fccfda254cdab4cf8,2026-08-31T15:11:49.828Z,SELECTIVE,0,179,33406470304,.github/workflows/diffci-observe.yml,success,WRONG_WORKFLOW,1,EVIDENCE_EXECUTED,33406470520,success,2026-08-31T15:05:54Z,2026-09-01T05:15:45Z,true,false
adityankale190895/DiffCI.com:209c56b45c70638f7d2f7fb2c040f285803664ce:33406873300:1,209c56b45c70638f7d2f7fb2c040f285803664ce,2026-08-31T15:11:52.467Z,SELECTIVE,0,179,33406873300,.github/workflows/diffci-observe.yml,success,WRONG_WORKFLOW,1,EVIDENCE_EXECUTED,33406873339,success,2026-08-31T15:10:05Z,2026-09-01T05:23:53Z,true,false
adityankale190895/DiffCI.com:059a5612223f70652bdd2ca4b0998b9b82e116aa:33407007167:1,059a5612223f70652bdd2ca4b0998b9b82e116aa,2026-08-31T15:11:53.782Z,SELECTIVE,0,179,33407007167,.github/workflows/diffci-observe.yml,success,WRONG_WORKFLOW,1,EVIDENCE_EXECUTED,33407007225,success,2026-08-31T15:11:28Z,2026-09-01T06:35:37Z,true,false
adityankale190895/DiffCI.com:d151f764c2c60fa73564ea82d24d6b41a145fcfe:33407201561:1,d151f764c2c60fa73564ea82d24d6b41a145fcfe,2026-09-01T03:12:47.854Z,SELECTIVE,0,179,33407201561,.github/workflows/diffci-observe.yml,success,WRONG_WORKFLOW,1,EVIDENCE_EXECUTED,33407201509,success,2026-08-31T15:13:28Z,2026-09-01T06:44:25Z,true,false
adityankale190895/DiffCI.com:b6f1bdac262cdd1a4668148efd6ea4ccf3b6b76e:33465219463:1,b6f1bdac262cdd1a4668148efd6ea4ccf3b6b76e,2026-09-01T03:12:50.655Z,SELECTIVE,0,179,33465219463,.github/workflows/diffci-observe.yml,success,WRONG_WORKFLOW,1,EVIDENCE_EXECUTED,33465219441,success,2026-09-01T03:10:08Z,2026-09-01T07:30:00Z,true,false
adityankale190895/DiffCI.com:26dafdc633686af8dcd7a1cf2a37bcbfe5d99bfe:33465375661:1,26dafdc633686af8dcd7a1cf2a37bcbfe5d99bfe,2026-09-01T03:12:51.461Z,SELECTIVE,3,179,33465375661,.github/workflows/diffci-observe.yml,success,WRONG_WORKFLOW,1,EVIDENCE_EXECUTED,33465375662,success,2026-09-01T03:12:35Z,2026-09-01T07:33:31Z,true,false
adityankale190895/DiffCI.com:35fcca04e9a3836e961a1af2bd94110cd396418f:33465653098:1,35fcca04e9a3836e961a1af2bd94110cd396418f,2026-09-01T03:28:54.510Z,SELECTIVE,0,179,33465653098,.github/workflows/diffci-observe.yml,success,WRONG_WORKFLOW,1,EVIDENCE_EXECUTED,33465653156,success,2026-09-01T03:17:06Z,2026-09-01T07:40:52Z,true,false
adityankale190895/DiffCI.com:5978f0348ab3527e3cd53e93e5bce601709acf38:33466346961:1,5978f0348ab3527e3cd53e93e5bce601709acf38,2026-09-01T03:28:58.748Z,SELECTIVE,3,179,33466346961,.github/workflows/diffci-observe.yml,success,WRONG_WORKFLOW,1,EVIDENCE_EXECUTED,33466346965,success,2026-09-01T03:28:34Z,2026-09-01T07:55:44Z,true,false
adityankale190895/DiffCI.com:517baea79affcb7d4fe37815c6cccae83460b183:33466888629:1,517baea79affcb7d4fe37815c6cccae83460b183,2026-09-01T03:37:54.952Z,SELECTIVE,1,179,33466888629,.github/workflows/diffci-observe.yml,success,WRONG_WORKFLOW,1,EVIDENCE_EXECUTED,33466888698,success,2026-09-01T03:37:35Z,2026-09-01T07:56:50Z,true,false
adityankale190895/DiffCI.com:c528f729c77a4a1e329d41c14b31905a03d86860:33471610983:1,c528f729c77a4a1e329d41c14b31905a03d86860,2026-09-01T04:55:11.639Z,SELECTIVE,0,179,33471610983,.github/workflows/diffci-observe.yml,success,WRONG_WORKFLOW,1,EVIDENCE_EXECUTED,33471611026,success,2026-09-01T04:54:55Z,2026-09-01T08:27:38Z,true,false
adityankale190895/DiffCI.com:7e1ce57767e4bc0f31954ada634bc423bd11ba3f:33472299050:1,7e1ce57767e4bc0f31954ada634bc423bd11ba3f,2026-09-01T05:06:23.823Z,SELECTIVE,3,179,33472299050,.github/workflows/diffci-observe.yml,success,WRONG_WORKFLOW,1,EVIDENCE_EXECUTED,33472299075,success,2026-09-01T05:06:03Z,2026-09-01T09:19:29Z,true,false
adityankale190895/DiffCI.com:0d91bf831cb3028fa8712ac942fd9583e6fb4c61:33472689353:1,0d91bf831cb3028fa8712ac942fd9583e6fb4c61,2026-09-01T05:12:35.773Z,SELECTIVE,0,179,33472689353,.github/workflows/diffci-observe.yml,success,WRONG_WORKFLOW,1,EVIDENCE_EXECUTED,33472689355,success,2026-09-01T05:12:19Z,2026-09-01T09:41:08Z,true,false
adityankale190895/DiffCI.com:8fcddcec8fdbe7bea319f205f2e95e2e4a143503:33473284676:1,8fcddcec8fdbe7bea319f205f2e95e2e4a143503,2026-09-01T06:31:42.114Z,SELECTIVE,0,179,33473284676,.github/workflows/diffci-observe.yml,success,WRONG_WORKFLOW,1,EVIDENCE_EXECUTED,33473284524,success,2026-09-01T05:21:22Z,2026-09-01T12:48:26Z,true,false
adityankale190895/DiffCI.com:6b4c25f22af1635cc0130d83d8e1f25155518663:33478665873:1,6b4c25f22af1635cc0130d83d8e1f25155518663,2026-09-01T06:41:18.170Z,SELECTIVE,0,179,33478665873,.github/workflows/diffci-observe.yml,success,WRONG_WORKFLOW,1,EVIDENCE_EXECUTED,33478665816,success,2026-09-01T06:41:04Z,2026-09-01T12:50:36Z,true,false
adityankale190895/DiffCI.com:263c534de5d9ab39268c8d3c5539385d028e5a04:33481895110:1,263c534de5d9ab39268c8d3c5539385d028e5a04,2026-09-01T07:23:42.296Z,FULL,179,179,33481895110,.github/workflows/diffci-observe.yml,failure,WRONG_WORKFLOW,1,EVIDENCE_EXECUTED,33481895113,failure,2026-09-01T07:23:23Z,2026-09-01T13:11:57Z,true,false
adityankale190895/DiffCI.com:bad9628e85fa8195b9d425950eaca18e9fe2c791:33482087284:1,bad9628e85fa8195b9d425950eaca18e9fe2c791,2026-09-01T07:26:09.251Z,SELECTIVE,0,179,33482087284,.github/workflows/diffci-observe.yml,success,WRONG_WORKFLOW,1,EVIDENCE_EXECUTED,33482087327,success,2026-09-01T07:25:48Z,2026-09-01T13:16:14Z,true,false
adityankale190895/DiffCI.com:3b19394d00d3a224cbba782ebc4fc6a0658b0c4c:33482471857:1,3b19394d00d3a224cbba782ebc4fc6a0658b0c4c,2026-09-01T07:30:49.823Z,SELECTIVE,0,179,33482471857,.github/workflows/diffci-observe.yml,success,WRONG_WORKFLOW,1,EVIDENCE_EXECUTED,33482472006,success,2026-09-01T07:30:34Z,2026-09-01T13:16:46Z,true,false
